settlement_date,publication_date,source_url
2026-01-15,2026-01-27,https://www.finra.org/filing-reporting/regulatory-filing-systems/short-interest
2026-01-30,2026-02-10,https://www.finra.org/filing-reporting/regulatory-filing-systems/short-interest
2026-02-13,2026-02-25,https://www.finra.org/filing-reporting/regulatory-filing-systems/short-interest
2026-02-27,2026-03-10,https://www.finra.org/filing-reporting/regulatory-filing-systems/short-interest
2026-03-13,2026-03-24,https://www.finra.org/filing-reporting/regulatory-filing-systems/short-interest
2026-03-31,2026-04-10,https://www.finra.org/filing-reporting/regulatory-filing-systems/short-interest
2026-04-15,2026-04-24,https://www.finra.org/filing-reporting/regulatory-filing-systems/short-interest
2026-04-30,2026-05-11,https://www.finra.org/filing-reporting/regulatory-filing-systems/short-interest
2026-05-15,2026-05-27,https://www.finra.org/filing-reporting/regulatory-filing-systems/short-interest
2026-05-29,2026-06-09,https://www.finra.org/filing-reporting/regulatory-filing-systems/short-interest
2026-06-15,2026-06-25,https://www.finra.org/filing-reporting/regulatory-filing-systems/short-interest
2026-06-30,2026-07-10,https://www.finra.org/filing-reporting/regulatory-filing-systems/short-interest
2026-07-15,2026-07-24,https://www.finra.org/filing-reporting/regulatory-filing-systems/short-interest
2026-07-31,2026-08-11,https://www.finra.org/filing-reporting/regulatory-filing-systems/short-interest
2026-08-14,2026-08-25,https://www.finra.org/filing-reporting/regulatory-filing-systems/short-interest
2026-08-31,2026-09-10,https://www.finra.org/filing-reporting/regulatory-filing-systems/short-interest
2026-09-15,2026-09-24,https://www.finra.org/filing-reporting/regulatory-filing-systems/short-interest
2026-09-30,2026-10-09,https://www.finra.org/filing-reporting/regulatory-filing-systems/short-interest
2026-10-15,2026-10-26,https://www.finra.org/filing-reporting/regulatory-filing-systems/short-interest
2026-10-30,2026-11-10,https://www.finra.org/filing-reporting/regulatory-filing-systems/short-interest
2026-11-13,2026-11-24,https://www.finra.org/filing-reporting/regulatory-filing-systems/short-interest
2026-11-30,2026-12-09,https://www.finra.org/filing-reporting/regulatory-filing-systems/short-interest
2026-12-15,2026-12-24,https://www.finra.org/filing-reporting/regulatory-filing-systems/short-interest
2026-12-31,2027-01-12,https://www.finra.org/filing-reporting/regulatory-filing-systems/short-interest
